"id"	"degRate"
"EG11249-MONOMER"	0.0000192540883489
"EG10571-MONOMER"	0.000385081766978